round,slice,frame,object_ref,cell,what,why,severity,owner,rule_id,evidence,action,rules_version,note
calib,C0,adasind_019560.jpg,L6,na,SPURIOUS,E0_reference_defect,P1,data_ops,R01,"submission/p1_calib/compare.html; L6 box (594,783)-(628,841) cao 58 px, center zone",keep_with_reason,v1.0.0,"Xe máy đỗ sau người áo vàng: thấy rõ tay lái + bánh trước, cao 58 px ≥ H=40 nên R01 yêu cầu box. Reference không có box này; nhóm giữ nhãn và coi là thiếu sót của reference, cần người soát xác nhận."
calib,C0,adasind_019560.jpg,L5,na,BOX_GEOMETRY,E2_guideline_gap,P2,guideline,R02,submission/p1_calib/compare.html; L5 xbr=425 vs R xbr=457,keep_with_reason,v1.0.0,"Xe ba bánh (xích lô) đỏ: L dừng box ở phần nhìn thấy, R kéo sang phải qua phần bị người lái xe máy che. R02 nói bám phần nhìn thấy nhưng không nói rõ với vật bị che; vẫn ghép được với R nên giữ, đề xuất làm rõ luật."
calib,C0,adasind_019560.jpg,L7,na,ATTRIBUTE,E5_unresolved,P2,qa,R05,"submission/p1_calib/annotations.xml; L7 Bike (889,800)-(978,894)",keep_with_reason,v1.0.0,"L đặt occluded=true cho xe đạp đỗ bên phải vì cột tre/hàng rào che một phần bánh; R để false. Theo R11 occluded không so với reference, cần người soát (B) kiểm chéo bằng mắt."
r1_craft,B4-center,adasind_270517.jpg,L1,L_only,BOX_GEOMETRY,,P1,,R02,submission/r1_craft/annotations.xml (lock D9C5-98BB); submission/r1_craft/selfqc.md,,v1.0.0,"Box prefill ThreeWheeler (auto vàng đỗ) kéo xuống ybr=1030, phủ cả mặt đường dưới bánh. A sửa về ybr=982 theo đáy bánh/cản sau nhìn thấy; zone center."
r1_craft,B4-center,adasind_270517.jpg,L5,L_only,MISSING,,P1,,R01,submission/r1_craft/annotations.xml (lock D9C5-98BB); submission/r1_craft/selfqc.md,,v1.0.0,"Prefill thiếu ThreeWheeler đang chạy giữa đường (cao 146 px) cùng Pedestrian nữ L6, Bike đỗ L7, Pedestrian khuất L8. A thêm cả bốn; zone center/mid."
r1_craft,B4-center,adasind_270517.jpg,L2,L_only,BOX_GEOMETRY,,P2,,R05,submission/r1_craft/annotations.xml (lock D9C5-98BB); submission/r1_craft/selfqc.md,,v1.0.0,"Xe máy ở mép phải bị biên khung cắt: giữ truncated=true, edge_zone=true; thu xtl 995→1012 vì phần trái là đống gạch, không phải xe. K12 fill 0,796 (edge)."
r1_craft,B4-center,adasind_295948.jpg,ego_body_2,L_only,IGNORE_SCOPE,,P0,,R07,submission/r1_craft/annotations.xml (lock D9C5-98BB); submission/r1_craft/selfqc.md,,v1.0.0,"Người quấn khăn caro quay lưng ngay trước camera, đi cùng chiều và tốc độ: A coi là người điều khiển xe ego (xích lô) nên vẽ ignore_region ego_body, không box Bike. Ca chưa chắc, cần QA/guideline xác nhận người lái xe ego có thuộc ego_body không."
r2_qa,B4-center,adasind_295948.jpg,ego_body_2,L_only,IGNORE_SCOPE,,P0,,R07,submission/r2_qa/qa_review.md; submission/screenshots/qa_295948_ego_vs_bike.jpg; submission/screenshots/qa_270517_no_rider_ahead.jpg,,v1.0.0,B: polygon ego_body phủ người đạp xe có bánh xe + pedal riêng; 270517 cùng chuyến không có người lái trước camera. Nghi là Bike ngoài xe ego (R03).
r2_qa,B4-center,adasind_271039.jpg,none_right_stall,L_only,MISSING,,P1,,R01,submission/r2_qa/qa_review.md; submission/screenshots/qa_271039_right_stall.jpg,,v1.0.0,"B: đầu + vai người sau xe hàng rong mép phải (x≈1045–1080, y≈865–915), cao ~45–50 px, chưa có box."
r2_qa,B4-center,adasind_295948.jpg,L6,L_only,SPURIOUS,,P1,,R01,submission/r2_qa/qa_review.md; submission/screenshots/qa_295948_L6.jpg,,v1.0.0,"B: box Pedestrian 24×53 px ở xa không thấy rõ đầu/chân, có thể là biển hiệu đỏ."
r2_qa,B4-center,adasind_271039.jpg,L14,L_only,WRONG_CLASS,,P1,,R04,submission/r2_qa/qa_review.md; submission/screenshots/qa_271039_L14_L2_L16.jpg,,v1.0.0,B: chưa đủ căn cứ ThreeWheeler hay Car (van); có thể là hai xe gộp một box.
r2_qa,B4-center,adasind_270517.jpg,L8,L_only,SPURIOUS,,P2,,R06,submission/r2_qa/qa_review.md; submission/screenshots/qa_270517_L8.jpg,,v1.0.0,"B: người khuất sau auto chỉ thấy dải tối 19×70 px; cần căn cứ, nếu không dùng unreadable."
r1_craft,B4-center,adasind_270517.jpg,L8,na,SPURIOUS,,,,,,,,
r1_craft,B4-center,adasind_271039.jpg,L8,na,IGNORE_SCOPE,,,,,,,,
r1_craft,B4-center,adasind_271039.jpg,L2,na,SPURIOUS,,,,,,,,
r1_craft,B4-center,adasind_271039.jpg,L6,na,SPURIOUS,,,,,,,,
r1_craft,B4-center,adasind_271039.jpg,L9,na,SPURIOUS,,,,,,,,
r1_craft,B4-center,adasind_271039.jpg,L15,na,SPURIOUS,,,,,,,,
r1_craft,B4-center,adasind_271039.jpg,L16,na,SPURIOUS,,,,,,,,
r1_craft,B4-center,adasind_295948.jpg,L2,na,IGNORE_SCOPE,,,,,,,,
r1_craft,B4-center,adasind_295948.jpg,L3,na,IGNORE_SCOPE,,,,,,,,
r1_craft,B4-center,adasind_295948.jpg,L4,na,IGNORE_SCOPE,,,,,,,,
r1_craft,B4-center,adasind_295948.jpg,L5,na,IGNORE_SCOPE,,,,,,,,
r1_craft,B4-center,adasind_295948.jpg,L1+R1,na,WRONG_CLASS,,,,,,,,
r1_craft,B4-center,adasind_295948.jpg,L6,na,SPURIOUS,,,,,,,,
r1_craft,B4-center,adasind_295948.jpg,R3,na,MISSING,,,,,,,,
r3_diag,B4-center,adasind_270517.jpg,L5+R4,LR_noM,MISSING,E4_model_domain,P2,ai_team,R04,submission/r3_diag/model_compare.html; submission/r1_craft/compare.html,keep_with_reason,v1.0.0,"Auto đang chạy: L và R cùng ThreeWheeler; model tách thành M6 Car + M9 Truck cùng một vật. Model YOLO26m không có class ThreeWheeler: 6/6 auto trong slice đều bị gọi Car/Truck (270517 L1,L5; 271039 L13,L14,L16; 295948 L3) nên đây là lỗi miền của model, không sửa nhãn L."
r3_diag,B4-center,adasind_270517.jpg,L1+R2,LR_noM,MISSING,E4_model_domain,P2,ai_team,R04,submission/r3_diag/model_compare.html; submission/r1_craft/compare.html,keep_with_reason,v1.0.0,"Auto vàng đỗ: model gọi M7 Car. Cùng mẫu lỗi ThreeWheeler→Car. Ghi thêm: box R2 [442,711,840,1030] giống prefill, kéo xuống mặt đường; L đã thu về ybr=982 (R02), vẫn ghép IoU≥0,5."
r3_diag,B4-center,adasind_270517.jpg,L8,L_only,SPURIOUS,E1_annotator_error,P1,annotator,R01,submission/r3_diag/model_compare.html; submission/r1_craft/compare.html,rework,v1.0.0,Đồng ý với QA (B): dải tối 19×70 px sau auto không đủ căn cứ là người; R và M đều không có. A bỏ box L8 ở v2.
r3_diag,B4-center,adasind_270517.jpg,M5,M_only,SPURIOUS,E4_model_domain,P2,ai_team,R03,submission/r3_diag/model_compare.html; submission/r1_craft/compare.html,keep_with_reason,v1.0.0,"M5 Pedestrian là tài xế ngồi trong auto L1. R03: người ngồi trong xe không box riêng; L đúng, model không biết luật rider/passenger của lab."
r3_diag,B4-center,adasind_270517.jpg,M6,M_only,SPURIOUS,E4_model_domain,P2,ai_team,R04,submission/r3_diag/model_compare.html; submission/r1_craft/compare.html,keep_with_reason,v1.0.0,M6 Car chồng lên auto L5 (cùng lúc M9 Truck): model nhầm class ThreeWheeler và tạo trùng hai box.
r3_diag,B4-center,adasind_270517.jpg,M7,M_only,SPURIOUS,E4_model_domain,P2,ai_team,R04,submission/r3_diag/model_compare.html; submission/r1_craft/compare.html,keep_with_reason,v1.0.0,"M7 Car chính là auto vàng L1: nhầm class, không phải vật mới."
r3_diag,B4-center,adasind_270517.jpg,M9,M_only,SPURIOUS,E4_model_domain,P2,ai_team,R04,submission/r3_diag/model_compare.html; submission/r1_craft/compare.html,keep_with_reason,v1.0.0,M9 Truck trùng vị trí M6 trên auto L5: model trùng box khác class.
r3_diag,B4-center,adasind_270517.jpg,M10,M_only,SPURIOUS,E4_model_domain,P2,ai_team,R03,submission/r3_diag/model_compare.html; submission/r1_craft/compare.html,keep_with_reason,v1.0.0,M10 Pedestrian = tài xế trong auto L1 (bản box cao hơn của M5). Người trong xe không box (R03).
r3_diag,B4-center,adasind_270517.jpg,M11,M_only,SPURIOUS,E4_model_domain,P2,ai_team,R03,submission/r3_diag/model_compare.html; submission/r1_craft/compare.html,keep_with_reason,v1.0.0,M11 Pedestrian = hành khách ngồi phía sau trong auto L1. Không box theo R03.
r3_diag,B4-center,adasind_271039.jpg,L13+R9,LR_noM,MISSING,E4_model_domain,P2,ai_team,R04,submission/r3_diag/model_compare.html; submission/r1_craft/compare.html,keep_with_reason,v1.0.0,"Auto vàng bị van che, mép trái: model gọi M9 Car. Cùng mẫu ThreeWheeler→Car."
r3_diag,B4-center,adasind_271039.jpg,L4+R10,LR_noM,MISSING,E5_unresolved,P2,ai_team,R01,submission/r3_diag/model_compare.html; submission/r1_craft/compare.html,keep_with_reason,v1.0.0,"Người áo vàng bị người áo đen che một phần: L+R thấy, model bỏ sót. Một ca che khuất chưa đủ để gọi E4; phép kiểm tiếp: đếm recall Pedestrian occluded trên cả 48 frame."
r3_diag,B4-center,adasind_271039.jpg,L14+R6,LR_noM,MISSING,E4_model_domain,P2,ai_team,R04,submission/r3_diag/model_compare.html; submission/r1_craft/compare.html,keep_with_reason,v1.0.0,Nghi vấn class của QA (B) được giải: R cũng là ThreeWheeler. Model gọi M12 Car → cùng mẫu lỗi ThreeWheeler.
r3_diag,B4-center,adasind_271039.jpg,L2,L_only,SPURIOUS,E1_annotator_error,P1,annotator,R02,submission/r3_diag/model_compare.html; submission/r1_craft/compare.html,rework,v1.0.0,"QA (B) nghi ranh giới L2/L16. Model chỉ thấy một vật M11 [192,827,314,894] tỉ lệ 1,8:1 như một auto nhìn ngang; L cắt đôi thành hai box ở x=258. Quyết định: gộp L2+L16 thành một ThreeWheeler [196,825,318,900] ở v2."
r3_diag,B4-center,adasind_271039.jpg,L6+M8,LM_noR,SPURIOUS,E0_reference_defect,P1,data_ops,R01,submission/r3_diag/model_compare.html; submission/r1_craft/compare.html,keep_with_reason,v1.0.0,"Người áo sáng đứng sau người áo đen (cao 79 px): L và M đều thấy, R không có. Giữ nhãn L; báo reference thiếu."
r3_diag,B4-center,adasind_271039.jpg,L9,L_only,SPURIOUS,E0_reference_defect,P1,data_ops,R01,submission/r3_diag/model_compare.html; submission/r1_craft/compare.html,keep_with_reason,v1.0.0,"Xe máy sau đầu xe đỏ (cao 73 px) thấy rõ bánh + yên trên ảnh; R không có, M bỏ sót vì bị che. Giữ L (R01)."
r3_diag,B4-center,adasind_271039.jpg,L15,L_only,SPURIOUS,E5_unresolved,P2,qa,R01,submission/r3_diag/model_compare.html; submission/r1_craft/compare.html,keep_with_reason,v1.0.0,"Bóng người đứng sau van trắng (cao 55 px), R và M không có. Hình dáng đầu-thân-chân thấy được nhưng mờ; chưa đủ căn cứ để bỏ. Phép kiểm tiếp: xem frame lân cận trong video gốc."
r3_diag,B4-center,adasind_271039.jpg,L16,L_only,SPURIOUS,E1_annotator_error,P1,annotator,R02,submission/r3_diag/model_compare.html; submission/r1_craft/compare.html,rework,v1.0.0,"Cặp với L2: một auto nhìn ngang bị tách hai box. Gộp thành một ThreeWheeler ở v2; vật có thật (model M11 thấy), R chỉ có unreadable [160-199] bên trái."
r3_diag,B4-center,adasind_271039.jpg,M9,M_only,SPURIOUS,E4_model_domain,P2,ai_team,R04,submission/r3_diag/model_compare.html; submission/r1_craft/compare.html,keep_with_reason,v1.0.0,"M9 Car = auto vàng L13/R9: nhầm class, không phải vật thừa."
r3_diag,B4-center,adasind_271039.jpg,M11,M_only,SPURIOUS,E4_model_domain,P2,ai_team,R04,submission/r3_diag/model_compare.html; submission/r1_craft/compare.html,keep_with_reason,v1.0.0,"M11 Car phủ vùng auto L2+L16: class sai nhưng cho thấy đây là một xe, căn cứ để gộp hai box L."
r3_diag,B4-center,adasind_271039.jpg,M12,M_only,SPURIOUS,E4_model_domain,P2,ai_team,R04,submission/r3_diag/model_compare.html; submission/r1_craft/compare.html,keep_with_reason,v1.0.0,M12 Car = ThreeWheeler L14/R6 chở hàng trên nóc: nhầm class.
r3_diag,B4-center,adasind_295948.jpg,L1+M2,LM_noR,SPURIOUS,E0_reference_defect,P1,data_ops,R04,submission/r3_diag/model_compare.html; submission/r1_craft/compare.html,escalate,v1.0.0,"Xe tải nhỏ có thùng hàng hở: L và M đều Truck, R gọi Car. R04 ghi xe bán tải/xe tải nhỏ → Truck. Escalate sửa reference (ticket 30)."
r3_diag,B4-center,adasind_295948.jpg,L6,L_only,SPURIOUS,E1_annotator_error,P1,annotator,R01,submission/r3_diag/model_compare.html; submission/r1_craft/compare.html,rework,v1.0.0,"Đồng ý với QA (B): box 24×53 px ở xa là biển/cửa đỏ, không thấy đầu/chân; R và M không có. Bỏ box L6 ở v2."
r3_diag,B4-center,adasind_295948.jpg,R1,R_only,MISSING,E0_reference_defect,P1,data_ops,R04,submission/r3_diag/model_compare.html; submission/r1_craft/compare.html,keep_with_reason,v1.0.0,Mặt R của cùng ca xe tải nhỏ (R1 Car). Không sửa L; xử lý qua escalation ở dòng L1+M2.
r3_diag,B4-center,adasind_295948.jpg,R3,R_only,MISSING,E1_annotator_error,P0,annotator,R07,submission/r3_diag/model_compare.html; submission/r1_craft/compare.html,rework,v1.0.0,"Người đạp xe quấn khăn caro: R có Bike [570,605,1080,1720] truncated; L đã phủ bằng ignore ego_body_2. QA (B) đúng: có bánh xe + pedal riêng, 270517 cùng chuyến không có người lái trước camera. Rework: xóa polygon ego_body_2, vẽ box Bike truncated. Model không thấy vật này (vật gần, bị cắt)."
r3_diag,B4-center,adasind_295948.jpg,M6,M_only,SPURIOUS,E4_model_domain,P2,ai_team,R01,submission/r3_diag/model_compare.html; submission/r1_craft/compare.html,keep_with_reason,v1.0.0,"M6 Car [422,917,440,965]: phóng to ảnh thấy đây là gương chiếu hậu + mép cửa cabin của chính xe tải L7/R2, không phải xe riêng. L và R đúng khi không box. Model tách một phần xe thành vật mới, cùng kiểu trùng box như M6/M9 ở 270517."
r3_diag,B4-center,adasind_295948.jpg,L5+M3,LM_noR,IGNORE_SCOPE,E0_reference_defect,P0,data_ops,R09,submission/r3_diag/model_compare.html; submission/r1_craft/compare.html,escalate,v1.0.0,"Polygon ego_body của R là tứ giác 4 điểm [0,915,229,1736] trùm cả người che ô hồng ở xa (L5/M3, cao 92 px), người áo vàng L4/M5 và auto L3. Các vật này nằm trên đường, không phải thân xe ego; L và M đều thấy. Escalate cho data_ops vẽ lại ego_body theo viền người ngồi cạnh camera."
r3_diag,B4-center,adasind_295948.jpg,L4+M5,LM_noR,IGNORE_SCOPE,E0_reference_defect,P0,data_ops,R09,submission/r3_diag/model_compare.html; submission/r1_craft/compare.html,escalate,v1.0.0,Cùng ca polygon ego_body của R quá rộng: người áo vàng L4 (cao 98 px) bị coi là don't-care. Gộp chung ticket 30 với dòng L5+M3.
r3_diag,B4-center,adasind_271039.jpg,none_right_stall,na,MISSING,E5_unresolved,P2,qa,R01,submission/r3_diag/model_compare.html; submission/r1_craft/compare.html,keep_with_reason,v1.0.0,"Nhận xét QA (B): người sau xe hàng rong mép phải. R và M đều không có; phần thấy được (đầu + vai, bị quầy che và biên cắt) không đo chắc được ≥40 px. Không thêm box; phép kiểm tiếp: xem ảnh gốc độ phân giải đầy đủ/frame lân cận."
